roman,fenetre,mot_cible,voisin,score
dostoievski.txt,2,amour,exaspéré,0.4534
dostoievski.txt,2,amour,fol,0.4113
dostoievski.txt,2,amour,nièce,0.3702
dostoievski.txt,2,amour,éloge,0.3702
dostoievski.txt,2,amour,atrophier,0.3562
dostoievski.txt,2,amour,mesquin,0.3562
dostoievski.txt,2,amour,justifier,0.3206
dostoievski.txt,2,amour,ruine,0.3206
dostoievski.txt,2,amour,faconde,0.3206
dostoievski.txt,2,amour,ressentir,0.3186
dostoievski.txt,5,amour,paillasse,0.3771
dostoievski.txt,5,amour,fol,0.3578
dostoievski.txt,5,amour,dément,0.3339
dostoievski.txt,5,amour,éclipse,0.3305
dostoievski.txt,5,amour,pleurnicheur,0.3213
dostoievski.txt,5,amour,exaspéré,0.3135
dostoievski.txt,5,amour,mesquin,0.2871
dostoievski.txt,5,amour,sacrifier,0.2836
dostoievski.txt,5,amour,reprend,0.265
dostoievski.txt,5,amour,pensez,0.2613
dostoievski.txt,20,amour,paillasse,0.3644
dostoievski.txt,20,amour,dément,0.3636
dostoievski.txt,20,amour,infini,0.3307
dostoievski.txt,20,amour,pureté,0.3306
dostoievski.txt,20,amour,virginal,0.3306
dostoievski.txt,20,amour,prince,0.3223
dostoievski.txt,20,amour,atrophier,0.3194
dostoievski.txt,20,amour,hypertrophier,0.3194
dostoievski.txt,20,amour,caricature,0.3194
dostoievski.txt,20,amour,entamée,0.3194
cleves.txt,2,amour,avoit,0.3884
cleves.txt,2,amour,croire,0.3868
cleves.txt,2,amour,poindre,0.38
cleves.txt,2,amour,voir,0.3769
cleves.txt,2,amour,aimer,0.3748
cleves.txt,2,amour,savoir,0.3711
cleves.txt,2,amour,pouvoir,0.3705
cleves.txt,2,amour,faire,0.3676
cleves.txt,2,amour,homme,0.3668
cleves.txt,2,amour,raison,0.3656
cleves.txt,5,amour,poindre,0.6157
cleves.txt,5,amour,homme,0.5901
cleves.txt,5,amour,voir,0.5785
cleves.txt,5,amour,avoir,0.5771
cleves.txt,5,amour,amoureux,0.5624
cleves.txt,5,amour,pouvoir,0.5616
cleves.txt,5,amour,étoit,0.5582
cleves.txt,5,amour,monde,0.558
cleves.txt,5,amour,croire,0.5495
cleves.txt,5,amour,trouver,0.5465
cleves.txt,20,amour,poindre,0.7066
cleves.txt,20,amour,voir,0.695
cleves.txt,20,amour,homme,0.6935
cleves.txt,20,amour,étoit,0.6926
cleves.txt,20,amour,passion,0.6883
cleves.txt,20,amour,prince,0.6861
cleves.txt,20,amour,trouver,0.6844
cleves.txt,20,amour,mari,0.6798
cleves.txt,20,amour,avoit,0.675
cleves.txt,20,amour,douleur,0.6745
proust.txt,2,amour,connaître,0.5488
proust.txt,2,amour,jalousie,0.5432
proust.txt,2,amour,odette,0.5424
proust.txt,2,amour,trouver,0.5228
proust.txt,2,amour,faire,0.5125
proust.txt,2,amour,penser,0.503
proust.txt,2,amour,aimer,0.5009
proust.txt,2,amour,swann,0.4977
proust.txt,2,amour,vie,0.4916
proust.txt,2,amour,sentir,0.4799
proust.txt,5,amour,odette,0.6828
proust.txt,5,amour,trouver,0.6778
proust.txt,5,amour,swann,0.6524
proust.txt,5,amour,chose,0.6495
proust.txt,5,amour,vie,0.642
proust.txt,5,amour,faire,0.6404
proust.txt,5,amour,penser,0.6387
proust.txt,5,amour,aimer,0.6351
proust.txt,5,amour,croire,0.6289
proust.txt,5,amour,vouloir,0.6256
proust.txt,20,amour,odette,0.7951
proust.txt,20,amour,aimer,0.7939
proust.txt,20,amour,vie,0.7834
proust.txt,20,amour,swann,0.7789
proust.txt,20,amour,faire,0.7725
proust.txt,20,amour,trouver,0.7718
proust.txt,20,amour,penser,0.7663
proust.txt,20,amour,plaisir,0.7484
proust.txt,20,amour,voir,0.7467
proust.txt,20,amour,femme,0.7445
flaubert.txt,2,amour,parcourait,0.1741
flaubert.txt,2,amour,savoir,0.1691
flaubert.txt,2,amour,faire,0.1592
flaubert.txt,2,amour,fourier,0.1519
flaubert.txt,2,amour,fournaise,0.1508
flaubert.txt,2,amour,condoléances,0.1508
flaubert.txt,2,amour,apporta,0.1508
flaubert.txt,2,amour,sitôt,0.1508
flaubert.txt,2,amour,acquéreur,0.1508
flaubert.txt,2,amour,bouillonner,0.1508
flaubert.txt,5,amour,justesse,0.2239
flaubert.txt,5,amour,sceptique,0.2239
flaubert.txt,5,amour,science,0.2156
flaubert.txt,5,amour,mobilité,0.2011
flaubert.txt,5,amour,démangeaison,0.2011
flaubert.txt,5,amour,faire,0.1935
flaubert.txt,5,amour,moderne,0.1896
flaubert.txt,5,amour,gifler,0.1888
flaubert.txt,5,amour,condoléances,0.1876
flaubert.txt,5,amour,fois,0.1819
flaubert.txt,20,amour,effleurer,0.3046
flaubert.txt,20,amour,fois,0.2956
flaubert.txt,20,amour,arnou,0.287
flaubert.txt,20,amour,vibrer,0.2858
flaubert.txt,20,amour,frédéric,0.2825
flaubert.txt,20,amour,prendre,0.2823
flaubert.txt,20,amour,peine,0.2706
flaubert.txt,20,amour,faire,0.2695
flaubert.txt,20,amour,venir,0.2694
flaubert.txt,20,amour,science,0.264
dostoievski.txt,2,temps,vouloir,0.3424
dostoievski.txt,2,temps,faire,0.3294
dostoievski.txt,2,temps,savoir,0.3193
dostoievski.txt,2,temps,mot,0.3153
dostoievski.txt,2,temps,venir,0.2976
dostoievski.txt,2,temps,chose,0.2912
dostoievski.txt,2,temps,voir,0.2848
dostoievski.txt,2,temps,répondre,0.2816
dostoievski.txt,2,temps,instant,0.2771
dostoievski.txt,2,temps,usage,0.2726
dostoievski.txt,5,temps,faire,0.4498
dostoievski.txt,5,temps,venir,0.4404
dostoievski.txt,5,temps,savoir,0.4391
dostoievski.txt,5,temps,vouloir,0.4353
dostoievski.txt,5,temps,voir,0.4189
dostoievski.txt,5,temps,mettre,0.4088
dostoievski.txt,5,temps,aller,0.3968
dostoievski.txt,5,temps,chose,0.389
dostoievski.txt,5,temps,oncle,0.3824
dostoievski.txt,5,temps,mot,0.3783
dostoievski.txt,20,temps,faire,0.5295
dostoievski.txt,20,temps,savoir,0.5146
dostoievski.txt,20,temps,vouloir,0.5028
dostoievski.txt,20,temps,voir,0.4984
dostoievski.txt,20,temps,oncle,0.4972
dostoievski.txt,20,temps,venir,0.4953
dostoievski.txt,20,temps,mettre,0.4876
dostoievski.txt,20,temps,générale,0.4875
dostoievski.txt,20,temps,passer,0.4742
dostoievski.txt,20,temps,mot,0.472
cleves.txt,2,temps,pouvoit,0.5669
cleves.txt,2,temps,grand,0.5448
cleves.txt,2,temps,voir,0.5429
cleves.txt,2,temps,avoit,0.5388
cleves.txt,2,temps,résoudre,0.5323
cleves.txt,2,temps,trouver,0.5294
cleves.txt,2,temps,faire,0.5244
cleves.txt,2,temps,croire,0.5212
cleves.txt,2,temps,étoit,0.5097
cleves.txt,2,temps,point,0.5037
cleves.txt,5,temps,avoit,0.7831
cleves.txt,5,temps,étoit,0.7733
cleves.txt,5,temps,voir,0.7693
cleves.txt,5,temps,trouver,0.7596
cleves.txt,5,temps,aller,0.7559
cleves.txt,5,temps,faire,0.7518
cleves.txt,5,temps,grand,0.7429
cleves.txt,5,temps,penser,0.733
cleves.txt,5,temps,croire,0.7273
cleves.txt,5,temps,avoir,0.7253
cleves.txt,20,temps,étoit,0.8466
cleves.txt,20,temps,voir,0.8451
cleves.txt,20,temps,avoit,0.8435
cleves.txt,20,temps,faire,0.8402
cleves.txt,20,temps,trouver,0.8321
cleves.txt,20,temps,aller,0.8257
cleves.txt,20,temps,donner,0.812
cleves.txt,20,temps,avoir,0.8099
cleves.txt,20,temps,chose,0.8096
cleves.txt,20,temps,croire,0.8082
proust.txt,2,temps,aller,0.6043
proust.txt,2,temps,faire,0.5991
proust.txt,2,temps,voir,0.5978
proust.txt,2,temps,moment,0.5955
proust.txt,2,temps,vouloir,0.5932
proust.txt,2,temps,jour,0.5837
proust.txt,2,temps,passer,0.5658
proust.txt,2,temps,swann,0.5595
proust.txt,2,temps,avoir,0.5533
proust.txt,2,temps,penser,0.551
proust.txt,5,temps,aller,0.7646
proust.txt,5,temps,faire,0.7558
proust.txt,5,temps,voir,0.742
proust.txt,5,temps,jour,0.7342
proust.txt,5,temps,vouloir,0.7332
proust.txt,5,temps,moment,0.7283
proust.txt,5,temps,fois,0.7241
proust.txt,5,temps,passer,0.7166
proust.txt,5,temps,trouver,0.7106
proust.txt,5,temps,swann,0.7064
proust.txt,20,temps,faire,0.8803
proust.txt,20,temps,aller,0.8664
proust.txt,20,temps,voir,0.8547
proust.txt,20,temps,jour,0.8546
proust.txt,20,temps,venir,0.8543
proust.txt,20,temps,trouver,0.8377
proust.txt,20,temps,moment,0.836
proust.txt,20,temps,fois,0.8344
proust.txt,20,temps,savoir,0.8317
proust.txt,20,temps,vouloir,0.8314
flaubert.txt,2,temps,arnou,0.3016
flaubert.txt,2,temps,frédéric,0.285
flaubert.txt,2,temps,passer,0.2752
flaubert.txt,2,temps,fois,0.2695
flaubert.txt,2,temps,minute,0.2689
flaubert.txt,2,temps,refermer,0.2674
flaubert.txt,2,temps,retourner,0.267
flaubert.txt,2,temps,porte,0.2611
flaubert.txt,2,temps,aller,0.2606
flaubert.txt,2,temps,deslauriers,0.2524
flaubert.txt,5,temps,arnou,0.4031
flaubert.txt,5,temps,voir,0.3785
flaubert.txt,5,temps,faire,0.3781
flaubert.txt,5,temps,aller,0.3768
flaubert.txt,5,temps,frédéric,0.3742
flaubert.txt,5,temps,porte,0.3698
flaubert.txt,5,temps,deslauriers,0.3547
flaubert.txt,5,temps,passer,0.3501
flaubert.txt,5,temps,grand,0.3483
flaubert.txt,5,temps,venir,0.3386
flaubert.txt,20,temps,arnou,0.4738
flaubert.txt,20,temps,faire,0.4685
flaubert.txt,20,temps,frédéric,0.4418
flaubert.txt,20,temps,voir,0.4412
flaubert.txt,20,temps,grand,0.4364
flaubert.txt,20,temps,aller,0.4332
flaubert.txt,20,temps,porte,0.4198
flaubert.txt,20,temps,passer,0.4113
flaubert.txt,20,temps,venir,0.4091
flaubert.txt,20,temps,fois,0.4064
dostoievski.txt,2,jalousie,iii,0.3244
dostoievski.txt,2,jalousie,conséquent,0.2369
dostoievski.txt,2,jalousie,foma,0.2364
dostoievski.txt,2,jalousie,suer,0.2294
dostoievski.txt,2,jalousie,pore,0.2294
dostoievski.txt,2,jalousie,dénoncer,0.2294
dostoievski.txt,2,jalousie,égalité,0.2294
dostoievski.txt,2,jalousie,carême,0.2294
dostoievski.txt,2,jalousie,continue,0.2294
dostoievski.txt,2,jalousie,souhaiter,0.2119
dostoievski.txt,5,jalousie,suer,0.3836
dostoievski.txt,5,jalousie,pore,0.3728
dostoievski.txt,5,jalousie,fêter,0.3356
dostoievski.txt,5,jalousie,dénoncer,0.2941
dostoievski.txt,5,jalousie,zéro,0.2599
dostoievski.txt,5,jalousie,dénonciation,0.2485
dostoievski.txt,5,jalousie,illimiter,0.2325
dostoievski.txt,5,jalousie,tutoyai,0.2325
dostoievski.txt,5,jalousie,envenimer,0.228
dostoievski.txt,5,jalousie,fête,0.2274
dostoievski.txt,20,jalousie,personnification,0.5533
dostoievski.txt,20,jalousie,zéro,0.5533
dostoievski.txt,20,jalousie,suer,0.5533
dostoievski.txt,20,jalousie,pore,0.5533
dostoievski.txt,20,jalousie,envenimer,0.5376
dostoievski.txt,20,jalousie,fêter,0.5219
dostoievski.txt,20,jalousie,prévenir,0.4558
dostoievski.txt,20,jalousie,vanité,0.434
dostoievski.txt,20,jalousie,illimiter,0.411
dostoievski.txt,20,jalousie,fi,0.3937
cleves.txt,2,jalousie,douleur,0.4543
cleves.txt,2,jalousie,passion,0.4252
cleves.txt,2,jalousie,vivant,0.4179
cleves.txt,2,jalousie,éloignée,0.3989
cleves.txt,2,jalousie,perdu,0.3989
cleves.txt,2,jalousie,confirmer,0.3948
cleves.txt,2,jalousie,contribuer,0.3948
cleves.txt,2,jalousie,méritoit,0.366
cleves.txt,2,jalousie,pensée,0.3644
cleves.txt,2,jalousie,amant,0.3625
cleves.txt,5,jalousie,passion,0.5274
cleves.txt,5,jalousie,donner,0.52
cleves.txt,5,jalousie,impression,0.5056
cleves.txt,5,jalousie,amant,0.4936
cleves.txt,5,jalousie,marque,0.4907
cleves.txt,5,jalousie,procédé,0.4859
cleves.txt,5,jalousie,sentiment,0.4858
cleves.txt,5,jalousie,douleur,0.477
cleves.txt,5,jalousie,mari,0.4762
cleves.txt,5,jalousie,amitier,0.4732
cleves.txt,20,jalousie,donner,0.713
cleves.txt,20,jalousie,passion,0.7097
cleves.txt,20,jalousie,pensée,0.6897
cleves.txt,20,jalousie,avoit,0.6884
cleves.txt,20,jalousie,sentiment,0.6757
cleves.txt,20,jalousie,étoient,0.6636
cleves.txt,20,jalousie,mari,0.6596
cleves.txt,20,jalousie,trouvoit,0.6595
cleves.txt,20,jalousie,étoit,0.6594
cleves.txt,20,jalousie,douleur,0.6577
proust.txt,2,jalousie,amour,0.5432
proust.txt,2,jalousie,odette,0.4235
proust.txt,2,jalousie,reporter,0.415
proust.txt,2,jalousie,progrès,0.407
proust.txt,2,jalousie,associer,0.4041
proust.txt,2,jalousie,avilir,0.3953
proust.txt,2,jalousie,oppresser,0.392
proust.txt,2,jalousie,opérable,0.3913
proust.txt,2,jalousie,souffrait,0.3913
proust.txt,2,jalousie,naîtr,0.3913
proust.txt,5,jalousie,amour,0.5873
proust.txt,5,jalousie,odette,0.5009
proust.txt,5,jalousie,désir,0.4714
proust.txt,5,jalousie,swann,0.464
proust.txt,5,jalousie,heureux,0.4548
proust.txt,5,jalousie,faire,0.4506
proust.txt,5,jalousie,doute,0.4451
proust.txt,5,jalousie,aimer,0.4447
proust.txt,5,jalousie,moment,0.4443
proust.txt,5,jalousie,sentir,0.4439
proust.txt,20,jalousie,amour,0.6988
proust.txt,20,jalousie,odette,0.6574
proust.txt,20,jalousie,swann,0.6119
proust.txt,20,jalousie,trouver,0.5985
proust.txt,20,jalousie,aimer,0.5922
proust.txt,20,jalousie,vie,0.5851
proust.txt,20,jalousie,recevoir,0.5829
proust.txt,20,jalousie,plaisir,0.5818
proust.txt,20,jalousie,chercher,0.5813
proust.txt,20,jalousie,faire,0.5763
flaubert.txt,2,jalousie,préluder,0.3015
flaubert.txt,2,jalousie,parlât,0.3015
flaubert.txt,2,jalousie,ordonnance,0.3015
flaubert.txt,2,jalousie,rayon,0.2665
flaubert.txt,2,jalousie,hésitation,0.2462
flaubert.txt,2,jalousie,salon,0.2371
flaubert.txt,2,jalousie,caressant,0.2335
flaubert.txt,2,jalousie,féminin,0.2321
flaubert.txt,2,jalousie,frapper,0.2261
flaubert.txt,2,jalousie,réponse,0.2202
flaubert.txt,5,jalousie,rayon,0.3212
flaubert.txt,5,jalousie,frapper,0.3148
flaubert.txt,5,jalousie,intervalle,0.2941
flaubert.txt,5,jalousie,soleil,0.2843
flaubert.txt,5,jalousie,exécrer,0.275
flaubert.txt,5,jalousie,brume,0.2744
flaubert.txt,5,jalousie,couper,0.2526
flaubert.txt,5,jalousie,nuque,0.2425
flaubert.txt,5,jalousie,préluder,0.2425
flaubert.txt,5,jalousie,parlât,0.2425
flaubert.txt,20,jalousie,frapper,0.3367
flaubert.txt,20,jalousie,rayon,0.3316
flaubert.txt,20,jalousie,intervalle,0.2949
flaubert.txt,20,jalousie,pénétrer,0.275
flaubert.txt,20,jalousie,accroche,0.2704
flaubert.txt,20,jalousie,nuque,0.2704
flaubert.txt,20,jalousie,fluide,0.2704
flaubert.txt,20,jalousie,ambré,0.2704
flaubert.txt,20,jalousie,exécrer,0.2673
flaubert.txt,20,jalousie,soleil,0.2647
dostoievski.txt,2,bonheur,aller,0.3686
dostoievski.txt,2,bonheur,chose,0.3176
dostoievski.txt,2,bonheur,scandale,0.3095
dostoievski.txt,2,bonheur,falloir,0.2998
dostoievski.txt,2,bonheur,moment,0.296
dostoievski.txt,2,bonheur,savoir,0.2894
dostoievski.txt,2,bonheur,demande,0.2879
dostoievski.txt,2,bonheur,oncle,0.2852
dostoievski.txt,2,bonheur,concession,0.2843
dostoievski.txt,2,bonheur,nuire,0.2815
dostoievski.txt,5,bonheur,aller,0.4109
dostoievski.txt,5,bonheur,faire,0.3971
dostoievski.txt,5,bonheur,venir,0.3965
dostoievski.txt,5,bonheur,oncle,0.3891
dostoievski.txt,5,bonheur,falloir,0.3786
dostoievski.txt,5,bonheur,moment,0.3785
dostoievski.txt,5,bonheur,vouloir,0.3746
dostoievski.txt,5,bonheur,chose,0.3719
dostoievski.txt,5,bonheur,savoir,0.3675
dostoievski.txt,5,bonheur,bénir,0.3655
dostoievski.txt,20,bonheur,faire,0.4914
dostoievski.txt,20,bonheur,venir,0.4869
dostoievski.txt,20,bonheur,oncle,0.4785
dostoievski.txt,20,bonheur,moment,0.4739
dostoievski.txt,20,bonheur,savoir,0.4662
dostoievski.txt,20,bonheur,aller,0.463
dostoievski.txt,20,bonheur,vouloir,0.4523
dostoievski.txt,20,bonheur,voir,0.4499
dostoievski.txt,20,bonheur,grand,0.4345
dostoievski.txt,20,bonheur,nastenka,0.4312
cleves.txt,2,bonheur,fantôme,0.3402
cleves.txt,2,bonheur,aimer,0.3282
cleves.txt,2,bonheur,voir,0.3135
cleves.txt,2,bonheur,mari,0.3023
cleves.txt,2,bonheur,raison,0.2971
cleves.txt,2,bonheur,avoit,0.2869
cleves.txt,2,bonheur,choisir,0.2859
cleves.txt,2,bonheur,monde,0.2789
cleves.txt,2,bonheur,attachement,0.2788
cleves.txt,2,bonheur,conduite,0.2724
cleves.txt,5,bonheur,femme,0.6159
cleves.txt,5,bonheur,croire,0.5971
cleves.txt,5,bonheur,voir,0.5941
cleves.txt,5,bonheur,trouver,0.5894
cleves.txt,5,bonheur,étoit,0.5884
cleves.txt,5,bonheur,savoir,0.5821
cleves.txt,5,bonheur,penser,0.5795
cleves.txt,5,bonheur,avoit,0.5787
cleves.txt,5,bonheur,avoir,0.5769
cleves.txt,5,bonheur,clèves,0.5731
cleves.txt,20,bonheur,femme,0.6717
cleves.txt,20,bonheur,poindre,0.6712
cleves.txt,20,bonheur,voir,0.6636
cleves.txt,20,bonheur,savoir,0.6573
cleves.txt,20,bonheur,mari,0.6537
cleves.txt,20,bonheur,croire,0.653
cleves.txt,20,bonheur,trouver,0.6471
cleves.txt,20,bonheur,avoir,0.6467
cleves.txt,20,bonheur,raison,0.6456
cleves.txt,20,bonheur,penser,0.6376
proust.txt,2,bonheur,swann,0.3362
proust.txt,2,bonheur,chose,0.3345
proust.txt,2,bonheur,odette,0.3148
proust.txt,2,bonheur,connaître,0.3143
proust.txt,2,bonheur,plaisir,0.301
proust.txt,2,bonheur,devoir,0.2953
proust.txt,2,bonheur,amour,0.2836
proust.txt,2,bonheur,vie,0.2803
proust.txt,2,bonheur,vouloir,0.2791
proust.txt,2,bonheur,être,0.2783
proust.txt,5,bonheur,odette,0.4753
proust.txt,5,bonheur,chose,0.4692
proust.txt,5,bonheur,savoir,0.4564
proust.txt,5,bonheur,connaître,0.4549
proust.txt,5,bonheur,devoir,0.4511
proust.txt,5,bonheur,faire,0.4469
proust.txt,5,bonheur,swann,0.4467
proust.txt,5,bonheur,voir,0.443
proust.txt,5,bonheur,trouver,0.4424
proust.txt,5,bonheur,vouloir,0.4391
proust.txt,20,bonheur,vie,0.6165
proust.txt,20,bonheur,faire,0.6134
proust.txt,20,bonheur,voir,0.6116
proust.txt,20,bonheur,savoir,0.6103
proust.txt,20,bonheur,plaisir,0.6099
proust.txt,20,bonheur,amour,0.6038
proust.txt,20,bonheur,moment,0.6029
proust.txt,20,bonheur,croire,0.6024
proust.txt,20,bonheur,chose,0.6019
proust.txt,20,bonheur,pouvoir,0.5993
flaubert.txt,2,bonheur,hasarder,0.2582
flaubert.txt,2,bonheur,fille,0.2441
flaubert.txt,2,bonheur,ramasser,0.207
flaubert.txt,2,bonheur,carton,0.1946
flaubert.txt,2,bonheur,faire,0.1943
flaubert.txt,2,bonheur,offerte,0.1826
flaubert.txt,2,bonheur,vocation,0.1826
flaubert.txt,2,bonheur,eugène,0.1826
flaubert.txt,2,bonheur,revien,0.1826
flaubert.txt,2,bonheur,jardinier,0.1826
flaubert.txt,5,bonheur,inexprimable,0.3294
flaubert.txt,5,bonheur,accepta,0.2842
flaubert.txt,5,bonheur,faire,0.2738
flaubert.txt,5,bonheur,excellence,0.2657
flaubert.txt,5,bonheur,vanité,0.2604
flaubert.txt,5,bonheur,offerte,0.2604
flaubert.txt,5,bonheur,main,0.2519
flaubert.txt,5,bonheur,côte,0.2516
flaubert.txt,5,bonheur,arnou,0.2513
flaubert.txt,5,bonheur,incommoder,0.247
flaubert.txt,20,bonheur,jaunie,0.4457
flaubert.txt,20,bonheur,rayonnement,0.4457
flaubert.txt,20,bonheur,balayer,0.3897
flaubert.txt,20,bonheur,bandeau,0.3582
flaubert.txt,20,bonheur,taille,0.3454
flaubert.txt,20,bonheur,inexprimable,0.3379
flaubert.txt,20,bonheur,côte,0.3378
flaubert.txt,20,bonheur,incommoder,0.3368
flaubert.txt,20,bonheur,oeil,0.3235
flaubert.txt,20,bonheur,bras,0.311
dostoievski.txt,2,musique,perdra,0.3536
dostoievski.txt,2,musique,apothéose,0.3536
dostoievski.txt,2,musique,foma,0.3331
dostoievski.txt,2,musique,peuple,0.3162
dostoievski.txt,2,musique,enseignement,0.3162
dostoievski.txt,2,musique,danse,0.2887
dostoievski.txt,2,musique,fomer,0.2525
dostoievski.txt,2,musique,assertion,0.25
dostoievski.txt,2,musique,caution,0.25
dostoievski.txt,2,musique,négociation,0.25
dostoievski.txt,5,musique,enseignement,0.5241
dostoievski.txt,5,musique,désobéir,0.416
dostoievski.txt,5,musique,pays,0.3846
dostoievski.txt,5,musique,moeurs,0.3467
dostoievski.txt,5,musique,négociation,0.3203
dostoievski.txt,5,musique,respectueu,0.3203
dostoievski.txt,5,musique,mettrai,0.3203
dostoievski.txt,5,musique,lambeau,0.3203
dostoievski.txt,5,musique,éjévikin,0.3203
dostoievski.txt,5,musique,imitaient,0.3203
dostoievski.txt,20,musique,jardinier,0.7398
dostoievski.txt,20,musique,violon,0.6678
dostoievski.txt,20,musique,déchaîner,0.5485
dostoievski.txt,20,musique,laquais,0.5378
dostoievski.txt,20,musique,danse,0.5007
dostoievski.txt,20,musique,domesticité,0.4966
dostoievski.txt,20,musique,cocher,0.4867
dostoievski.txt,20,musique,réunir,0.4632
dostoievski.txt,20,musique,endroit,0.448
dostoievski.txt,20,musique,kamarinskaïa,0.4377
cleves.txt,2,musique,aimoier,0.3536
cleves.txt,2,musique,ballet,0.3536
cleves.txt,2,musique,comédie,0.3162
cleves.txt,2,musique,soeur,0.0821
cleves.txt,2,musique,grand,0.0209
cleves.txt,2,musique,monsieur,0.0014
cleves.txt,2,musique,magnificence,0.0
cleves.txt,2,musique,galanterie,0.0
cleves.txt,2,musique,paraître,0.0
cleves.txt,2,musique,france,0.0
cleves.txt,5,musique,aimoier,0.75
cleves.txt,5,musique,comédie,0.5
cleves.txt,5,musique,infer,0.5
cleves.txt,5,musique,marguerite,0.5
cleves.txt,5,musique,nemours,0.4733
cleves.txt,5,musique,clèves,0.4716
cleves.txt,5,musique,savoie,0.4682
cleves.txt,5,musique,dauphin,0.4533
cleves.txt,5,musique,reprendre,0.443
cleves.txt,5,musique,martigues,0.4386
cleves.txt,20,musique,aimoier,0.75
cleves.txt,20,musique,comédie,0.5
cleves.txt,20,musique,infer,0.5
cleves.txt,20,musique,marguerite,0.4564
cleves.txt,20,musique,nemours,0.4548
cleves.txt,20,musique,clèves,0.4516
cleves.txt,20,musique,dauphin,0.4316
cleves.txt,20,musique,répliquer,0.4284
cleves.txt,20,musique,martigues,0.4265
cleves.txt,20,musique,savoie,0.4232
proust.txt,2,musique,croire,0.3325
proust.txt,2,musique,voir,0.3283
proust.txt,2,musique,temps,0.322
proust.txt,2,musique,pouvoir,0.3214
proust.txt,2,musique,swann,0.3197
proust.txt,2,musique,savoir,0.309
proust.txt,2,musique,chercher,0.3032
proust.txt,2,musique,sentir,0.3006
proust.txt,2,musique,faire,0.3006
proust.txt,2,musique,vouloir,0.3005
proust.txt,5,musique,swann,0.435
proust.txt,5,musique,entendre,0.4315
proust.txt,5,musique,croire,0.4168
proust.txt,5,musique,voir,0.4164
proust.txt,5,musique,faire,0.416
proust.txt,5,musique,femme,0.4149
proust.txt,5,musique,chose,0.414
proust.txt,5,musique,jouer,0.4074
proust.txt,5,musique,trouver,0.4066
proust.txt,5,musique,air,0.4049
proust.txt,20,musique,jouer,0.6241
proust.txt,20,musique,entendre,0.5943
proust.txt,20,musique,faire,0.5885
proust.txt,20,musique,swann,0.5867
proust.txt,20,musique,voir,0.5779
proust.txt,20,musique,trouver,0.5768
proust.txt,20,musique,temps,0.5736
proust.txt,20,musique,moment,0.5715
proust.txt,20,musique,savoir,0.5714
proust.txt,20,musique,petit,0.5684
flaubert.txt,2,musique,jardinet,0.3086
flaubert.txt,2,musique,vouloir,0.2501
flaubert.txt,2,musique,reconnaissance,0.2333
flaubert.txt,2,musique,cahier,0.2315
flaubert.txt,2,musique,tutoya,0.2182
flaubert.txt,2,musique,scintillement,0.2182
flaubert.txt,2,musique,trappeur,0.2182
flaubert.txt,2,musique,poseur,0.2182
flaubert.txt,2,musique,ardent,0.2182
flaubert.txt,2,musique,divertissante,0.2182
flaubert.txt,5,musique,divertissante,0.3273
flaubert.txt,5,musique,scintillement,0.2739
flaubert.txt,5,musique,amenaient,0.2552
flaubert.txt,5,musique,cligner,0.2526
flaubert.txt,5,musique,folâtre,0.2462
flaubert.txt,5,musique,allure,0.2265
flaubert.txt,5,musique,étoile,0.2205
flaubert.txt,5,musique,insensible,0.2165
flaubert.txt,5,musique,abeille,0.2165
flaubert.txt,5,musique,bourdonnement,0.21
flaubert.txt,20,musique,scintillement,0.5414
flaubert.txt,20,musique,amenaient,0.5414
flaubert.txt,20,musique,insensible,0.4377
flaubert.txt,20,musique,étoile,0.4145
flaubert.txt,20,musique,coussin,0.4009
flaubert.txt,20,musique,contour,0.3647
flaubert.txt,20,musique,allure,0.3621
flaubert.txt,20,musique,divertissante,0.3502
flaubert.txt,20,musique,brusque,0.3139
flaubert.txt,20,musique,religieux,0.2738
dostoievski.txt,2,porte,lucarne,0.5053
dostoievski.txt,2,porte,grinça,0.389
dostoievski.txt,2,porte,monté,0.3573
dostoievski.txt,2,porte,grimac,0.3369
dostoievski.txt,2,porte,bouche,0.3347
dostoievski.txt,2,porte,vîme,0.2948
dostoievski.txt,2,porte,écluse,0.2917
dostoievski.txt,2,porte,conformer,0.2526
dostoievski.txt,2,porte,ordre,0.2372
dostoievski.txt,2,porte,léser,0.226
dostoievski.txt,5,porte,lucarne,0.3787
dostoievski.txt,5,porte,ouvrir,0.3317
dostoievski.txt,5,porte,oncle,0.3225
dostoievski.txt,5,porte,bouche,0.3181
dostoievski.txt,5,porte,gavrilo,0.311
dostoievski.txt,5,porte,frou,0.3105
dostoievski.txt,5,porte,colère,0.302
dostoievski.txt,5,porte,crotter,0.2934
dostoievski.txt,5,porte,trempé,0.2909
dostoievski.txt,5,porte,mettre,0.2879
dostoievski.txt,20,porte,ouvrir,0.4282
dostoievski.txt,20,porte,oncle,0.4083
dostoievski.txt,20,porte,faire,0.4011
dostoievski.txt,20,porte,rougit,0.399
dostoievski.txt,20,porte,savoir,0.3894
dostoievski.txt,20,porte,cour,0.3887
dostoievski.txt,20,porte,fit,0.382
dostoievski.txt,20,porte,vouloir,0.3819
dostoievski.txt,20,porte,moment,0.3813
dostoievski.txt,20,porte,mettre,0.3797
cleves.txt,2,porte,plaisir,0.3616
cleves.txt,2,porte,impatience,0.3492
cleves.txt,2,porte,instruit,0.3288
cleves.txt,2,porte,dessein,0.3236
cleves.txt,2,porte,sorte,0.3144
cleves.txt,2,porte,jardin,0.3028
cleves.txt,2,porte,assembler,0.2974
cleves.txt,2,porte,lieu,0.2884
cleves.txt,2,porte,alla,0.2847
cleves.txt,2,porte,exact,0.2847
cleves.txt,5,porte,voir,0.663
cleves.txt,5,porte,venir,0.6543
cleves.txt,5,porte,faire,0.6514
cleves.txt,5,porte,aller,0.6478
cleves.txt,5,porte,avoit,0.6401
cleves.txt,5,porte,étoit,0.6304
cleves.txt,5,porte,parole,0.6199
cleves.txt,5,porte,femme,0.6192
cleves.txt,5,porte,trouver,0.6185
cleves.txt,5,porte,reprendre,0.6162
cleves.txt,20,porte,entrer,0.742
cleves.txt,20,porte,voir,0.7254
cleves.txt,20,porte,aller,0.719
cleves.txt,20,porte,trouver,0.7166
cleves.txt,20,porte,faire,0.7133
cleves.txt,20,porte,étoit,0.7097
cleves.txt,20,porte,venir,0.7058
cleves.txt,20,porte,avoit,0.7052
cleves.txt,20,porte,porta,0.7014
cleves.txt,20,porte,ressortir,0.7014
proust.txt,2,porte,coin,0.3779
proust.txt,2,porte,voir,0.3765
proust.txt,2,porte,faire,0.3616
proust.txt,2,porte,rue,0.3484
proust.txt,2,porte,combray,0.3482
proust.txt,2,porte,partir,0.3422
proust.txt,2,porte,fois,0.3372
proust.txt,2,porte,passer,0.3343
proust.txt,2,porte,aller,0.3319
proust.txt,2,porte,jardin,0.3287
proust.txt,5,porte,rue,0.5787
proust.txt,5,porte,aller,0.5301
proust.txt,5,porte,faire,0.519
proust.txt,5,porte,voir,0.5172
proust.txt,5,porte,maison,0.5162
proust.txt,5,porte,petit,0.5106
proust.txt,5,porte,passer,0.506
proust.txt,5,porte,venir,0.5042
proust.txt,5,porte,jour,0.5042
proust.txt,5,porte,fois,0.4992
proust.txt,20,porte,rue,0.701
proust.txt,20,porte,maison,0.6642
proust.txt,20,porte,faire,0.6618
proust.txt,20,porte,voir,0.6542
proust.txt,20,porte,aller,0.6537
proust.txt,20,porte,temps,0.65
proust.txt,20,porte,venir,0.6479
proust.txt,20,porte,petit,0.6479
proust.txt,20,porte,passer,0.6451
proust.txt,20,porte,fenêtre,0.6411
flaubert.txt,2,porte,limonadier,0.3455
flaubert.txt,2,porte,refermer,0.3143
flaubert.txt,2,porte,jeter,0.3066
flaubert.txt,2,porte,second,0.2897
flaubert.txt,2,porte,guêtre,0.2887
flaubert.txt,2,porte,escalier,0.2877
flaubert.txt,2,porte,monter,0.2827
flaubert.txt,2,porte,serre,0.2801
flaubert.txt,2,porte,étage,0.2726
flaubert.txt,2,porte,apercevoir,0.2694
flaubert.txt,5,porte,introduisit,0.4147
flaubert.txt,5,porte,frédéric,0.4099
flaubert.txt,5,porte,escalier,0.4059
flaubert.txt,5,porte,voir,0.4021
flaubert.txt,5,porte,faire,0.3886
flaubert.txt,5,porte,apercevoir,0.3846
flaubert.txt,5,porte,refermer,0.3801
flaubert.txt,5,porte,temps,0.3698
flaubert.txt,5,porte,ouvrir,0.3678
flaubert.txt,5,porte,aller,0.3671
flaubert.txt,20,porte,ouvrir,0.4684
flaubert.txt,20,porte,voir,0.459
flaubert.txt,20,porte,frédéric,0.4565
flaubert.txt,20,porte,faire,0.4536
flaubert.txt,20,porte,arnou,0.4412
flaubert.txt,20,porte,grand,0.4412
flaubert.txt,20,porte,refermer,0.4317
flaubert.txt,20,porte,oeil,0.428
flaubert.txt,20,porte,introduisit,0.4272
flaubert.txt,20,porte,temps,0.4198
dostoievski.txt,2,soleil,humide,0.5494
dostoievski.txt,2,soleil,distance,0.4191
dostoievski.txt,2,soleil,frérot,0.3965
dostoievski.txt,2,soleil,plane,0.3885
dostoievski.txt,2,soleil,auditoire,0.3434
dostoievski.txt,2,soleil,ballon,0.3434
dostoievski.txt,2,soleil,remuer,0.3313
dostoievski.txt,2,soleil,craquer,0.3172
dostoievski.txt,2,soleil,néant,0.3172
dostoievski.txt,2,soleil,ver,0.3172
dostoievski.txt,5,soleil,distance,0.4793
dostoievski.txt,5,soleil,humide,0.465
dostoievski.txt,5,soleil,vint,0.411
dostoievski.txt,5,soleil,essor,0.3954
dostoievski.txt,5,soleil,flairer,0.3356
dostoievski.txt,5,soleil,auditoire,0.3308
dostoievski.txt,5,soleil,tourn,0.3302
dostoievski.txt,5,soleil,plane,0.3288
dostoievski.txt,5,soleil,savez,0.3076
dostoievski.txt,5,soleil,répartition,0.2712
dostoievski.txt,20,soleil,effleurer,0.4818
dostoievski.txt,20,soleil,théorie,0.4818
dostoievski.txt,20,soleil,électricité,0.4818
dostoievski.txt,20,soleil,répartition,0.4818
dostoievski.txt,20,soleil,auditoire,0.4818
dostoievski.txt,20,soleil,vint,0.4818
dostoievski.txt,20,soleil,essor,0.4818
dostoievski.txt,20,soleil,distance,0.4657
dostoievski.txt,20,soleil,humide,0.4391
dostoievski.txt,20,soleil,ministre,0.4281
cleves.txt,2,soleil,durer,0.5774
cleves.txt,2,soleil,fini,0.5774
cleves.txt,2,soleil,universel,0.5774
cleves.txt,2,soleil,difficile,0.53
cleves.txt,2,soleil,florence,0.5
cleves.txt,2,soleil,reléguer,0.5
cleves.txt,2,soleil,présente,0.5
cleves.txt,2,soleil,tâchois,0.5
cleves.txt,2,soleil,consoloit,0.5
cleves.txt,2,soleil,augur,0.5
cleves.txt,5,soleil,fini,0.4472
cleves.txt,5,soleil,consoloit,0.4
cleves.txt,5,soleil,savoit,0.3539
cleves.txt,5,soleil,passé,0.3381
cleves.txt,5,soleil,veuve,0.3354
cleves.txt,5,soleil,obligea,0.3322
cleves.txt,5,soleil,pleine,0.3297
cleves.txt,5,soleil,découvrir,0.3184
cleves.txt,5,soleil,timidité,0.3162
cleves.txt,5,soleil,lever,0.3162
cleves.txt,20,soleil,obligea,0.465
cleves.txt,20,soleil,lever,0.4456
cleves.txt,20,soleil,nièce,0.3397
cleves.txt,20,soleil,découvrir,0.3371
cleves.txt,20,soleil,maison,0.3347
cleves.txt,20,soleil,retirer,0.3218
cleves.txt,20,soleil,droit,0.3175
cleves.txt,20,soleil,accoutumé,0.3162
cleves.txt,20,soleil,timidité,0.2949
cleves.txt,20,soleil,fini,0.2942
proust.txt,2,soleil,contrer,0.315
proust.txt,2,soleil,allai,0.3086
proust.txt,2,soleil,chambre,0.2913
proust.txt,2,soleil,démission,0.2895
proust.txt,2,soleil,rentrer,0.2824
proust.txt,2,soleil,reflet,0.2817
proust.txt,2,soleil,blottir,0.2673
proust.txt,2,soleil,monter,0.2573
proust.txt,2,soleil,pilier,0.252
proust.txt,2,soleil,devoir,0.2496
proust.txt,5,soleil,chambre,0.396
proust.txt,5,soleil,coucher,0.3951
proust.txt,5,soleil,rayon,0.3738
proust.txt,5,soleil,arrêter,0.3629
proust.txt,5,soleil,voir,0.3616
proust.txt,5,soleil,heure,0.3615
proust.txt,5,soleil,passer,0.3597
proust.txt,5,soleil,aller,0.3542
proust.txt,5,soleil,arriver,0.3542
proust.txt,5,soleil,monter,0.3525
proust.txt,20,soleil,venir,0.6306
proust.txt,20,soleil,coucher,0.6106
proust.txt,20,soleil,prendre,0.6064
proust.txt,20,soleil,chambre,0.6016
proust.txt,20,soleil,entrer,0.6015
proust.txt,20,soleil,voir,0.5986
proust.txt,20,soleil,petit,0.5924
proust.txt,20,soleil,faire,0.5922
proust.txt,20,soleil,coup,0.5911
proust.txt,20,soleil,heure,0.5886
flaubert.txt,2,soleil,errante,0.3666
flaubert.txt,2,soleil,fossé,0.2592
flaubert.txt,2,soleil,rayon,0.2245
flaubert.txt,2,soleil,aspirer,0.2037
flaubert.txt,2,soleil,âme,0.2016
flaubert.txt,2,soleil,fumée,0.194
flaubert.txt,2,soleil,vernis,0.1905
flaubert.txt,2,soleil,accroche,0.1905
flaubert.txt,2,soleil,fixer,0.183
flaubert.txt,2,soleil,équipage,0.1796
flaubert.txt,5,soleil,rayon,0.3799
flaubert.txt,5,soleil,glapissement,0.3422
flaubert.txt,5,soleil,errante,0.2945
flaubert.txt,5,soleil,jalousie,0.2843
flaubert.txt,5,soleil,brume,0.2805
flaubert.txt,5,soleil,fleuve,0.2577
flaubert.txt,5,soleil,main,0.256
flaubert.txt,5,soleil,oeil,0.238
flaubert.txt,5,soleil,fumée,0.2365
flaubert.txt,5,soleil,campagn,0.2281
flaubert.txt,20,soleil,brume,0.4622
flaubert.txt,20,soleil,rayon,0.4515
flaubert.txt,20,soleil,accroche,0.4509
flaubert.txt,20,soleil,nuque,0.4509
flaubert.txt,20,soleil,fluide,0.4509
flaubert.txt,20,soleil,ambré,0.4509
flaubert.txt,20,soleil,glapissement,0.4211
flaubert.txt,20,soleil,rafraîchir,0.4211
flaubert.txt,20,soleil,pénétrer,0.4095
flaubert.txt,20,soleil,pierreux,0.3741
dostoievski.txt,2,femme,aimiez,0.3536
dostoievski.txt,2,femme,marié,0.3125
dostoievski.txt,2,femme,vouloir,0.3108
dostoievski.txt,2,femme,faire,0.2974
dostoievski.txt,2,femme,homme,0.2959
dostoievski.txt,2,femme,marier,0.2937
dostoievski.txt,2,femme,chose,0.2894
dostoievski.txt,2,femme,pauvre,0.2834
dostoievski.txt,2,femme,entendre,0.2809
dostoievski.txt,2,femme,sauver,0.2784
dostoievski.txt,5,femme,vouloir,0.3909
dostoievski.txt,5,femme,aimer,0.3683
dostoievski.txt,5,femme,chose,0.3662
dostoievski.txt,5,femme,venir,0.3529
dostoievski.txt,5,femme,faire,0.35
dostoievski.txt,5,femme,an,0.3446
dostoievski.txt,5,femme,homme,0.3368
dostoievski.txt,5,femme,avoir,0.3331
dostoievski.txt,5,femme,excellent,0.3331
dostoievski.txt,5,femme,aimiez,0.3311
dostoievski.txt,20,femme,vouloir,0.4123
dostoievski.txt,20,femme,faire,0.3971
dostoievski.txt,20,femme,chose,0.3844
dostoievski.txt,20,femme,venir,0.3843
dostoievski.txt,20,femme,aimer,0.3683
dostoievski.txt,20,femme,épouser,0.3651
dostoievski.txt,20,femme,grand,0.3608
dostoievski.txt,20,femme,savoir,0.3597
dostoievski.txt,20,femme,homme,0.3589
dostoievski.txt,20,femme,mère,0.3584
cleves.txt,2,femme,voir,0.5844
cleves.txt,2,femme,avoit,0.5806
cleves.txt,2,femme,étoit,0.5714
cleves.txt,2,femme,faire,0.5611
cleves.txt,2,femme,faisoit,0.5459
cleves.txt,2,femme,monde,0.5276
cleves.txt,2,femme,trouver,0.5229
cleves.txt,2,femme,pouvoit,0.5214
cleves.txt,2,femme,croire,0.5174
cleves.txt,2,femme,vouloir,0.5122
cleves.txt,5,femme,voir,0.8465
cleves.txt,5,femme,étoit,0.8283
cleves.txt,5,femme,avoit,0.8261
cleves.txt,5,femme,faire,0.8217
cleves.txt,5,femme,avoir,0.8083
cleves.txt,5,femme,trouver,0.806
cleves.txt,5,femme,croire,0.7861
cleves.txt,5,femme,savoir,0.7787
cleves.txt,5,femme,aller,0.7695
cleves.txt,5,femme,venir,0.7674
cleves.txt,20,femme,voir,0.9048
cleves.txt,20,femme,étoit,0.8894
cleves.txt,20,femme,avoit,0.8844
cleves.txt,20,femme,trouver,0.8791
cleves.txt,20,femme,faire,0.8757
cleves.txt,20,femme,croire,0.8624
cleves.txt,20,femme,avoir,0.8623
cleves.txt,20,femme,prince,0.8581
cleves.txt,20,femme,mari,0.8579
cleves.txt,20,femme,donner,0.8553
proust.txt,2,femme,swann,0.5872
proust.txt,2,femme,savoir,0.5676
proust.txt,2,femme,connaître,0.5646
proust.txt,2,femme,odette,0.5628
proust.txt,2,femme,croire,0.5568
proust.txt,2,femme,faire,0.5498
proust.txt,2,femme,chose,0.5367
proust.txt,2,femme,trouver,0.5336
proust.txt,2,femme,avoir,0.5332
proust.txt,2,femme,voir,0.5275
proust.txt,5,femme,swann,0.7562
proust.txt,5,femme,connaître,0.7366
proust.txt,5,femme,faire,0.7272
proust.txt,5,femme,odette,0.7249
proust.txt,5,femme,trouver,0.7125
proust.txt,5,femme,savoir,0.7091
proust.txt,5,femme,voir,0.7079
proust.txt,5,femme,penser,0.7071
proust.txt,5,femme,vouloir,0.7043
proust.txt,5,femme,croire,0.7013
proust.txt,20,femme,swann,0.8286
proust.txt,20,femme,odette,0.8163
proust.txt,20,femme,connaître,0.8094
proust.txt,20,femme,trouver,0.8061
proust.txt,20,femme,penser,0.8057
proust.txt,20,femme,faire,0.802
proust.txt,20,femme,voir,0.7933
proust.txt,20,femme,croire,0.7868
proust.txt,20,femme,vie,0.7816
proust.txt,20,femme,vouloir,0.7782
flaubert.txt,2,femme,frédéric,0.3774
flaubert.txt,2,femme,fille,0.3683
flaubert.txt,2,femme,homme,0.3601
flaubert.txt,2,femme,grand,0.3565
flaubert.txt,2,femme,faire,0.3327
flaubert.txt,2,femme,vouloir,0.2912
flaubert.txt,2,femme,trouver,0.2814
flaubert.txt,2,femme,arnou,0.278
flaubert.txt,2,femme,mettre,0.2687
flaubert.txt,2,femme,main,0.2667
flaubert.txt,5,femme,frédéric,0.4789
flaubert.txt,5,femme,grand,0.4442
flaubert.txt,5,femme,faire,0.4384
flaubert.txt,5,femme,venir,0.421
flaubert.txt,5,femme,arnou,0.4034
flaubert.txt,5,femme,trouver,0.4005
flaubert.txt,5,femme,main,0.3841
flaubert.txt,5,femme,homme,0.3806
flaubert.txt,5,femme,vouloir,0.3651
flaubert.txt,5,femme,petit,0.3637
flaubert.txt,20,femme,grand,0.5326
flaubert.txt,20,femme,faire,0.5247
flaubert.txt,20,femme,frédéric,0.5231
flaubert.txt,20,femme,arnou,0.4838
flaubert.txt,20,femme,trouver,0.4664
flaubert.txt,20,femme,oeil,0.4644
flaubert.txt,20,femme,petit,0.463
flaubert.txt,20,femme,venir,0.4624
flaubert.txt,20,femme,main,0.4504
flaubert.txt,20,femme,voir,0.428
dostoievski.txt,2,colonel,léguer,0.4219
dostoievski.txt,2,colonel,jeune,0.4155
dostoievski.txt,2,colonel,vouloir,0.4031
dostoievski.txt,2,colonel,venir,0.3663
dostoievski.txt,2,colonel,faire,0.3626
dostoievski.txt,2,colonel,arriver,0.3485
dostoievski.txt,2,colonel,mère,0.347
dostoievski.txt,2,colonel,exceptionnel,0.3438
dostoievski.txt,2,colonel,aller,0.3424
dostoievski.txt,2,colonel,pauvre,0.3244
dostoievski.txt,5,colonel,venir,0.5001
dostoievski.txt,5,colonel,vouloir,0.4887
dostoievski.txt,5,colonel,mère,0.4807
dostoievski.txt,5,colonel,faire,0.4793
dostoievski.txt,5,colonel,aller,0.4653
dostoievski.txt,5,colonel,oncle,0.4553
dostoievski.txt,5,colonel,voir,0.4442
dostoievski.txt,5,colonel,maison,0.4247
dostoievski.txt,5,colonel,savoir,0.4209
dostoievski.txt,5,colonel,devoir,0.4183
dostoievski.txt,20,colonel,faire,0.5568
dostoievski.txt,20,colonel,venir,0.5494
dostoievski.txt,20,colonel,vouloir,0.5478
dostoievski.txt,20,colonel,oncle,0.5471
dostoievski.txt,20,colonel,mère,0.5427
dostoievski.txt,20,colonel,générale,0.5426
dostoievski.txt,20,colonel,monde,0.5303
dostoievski.txt,20,colonel,voir,0.5295
dostoievski.txt,20,colonel,général,0.5247
dostoievski.txt,20,colonel,passer,0.5165
cleves.txt,2,colonel,mot absent,
cleves.txt,5,colonel,mot absent,
cleves.txt,20,colonel,mot absent,
proust.txt,2,colonel,mot absent,
proust.txt,5,colonel,mot absent,
proust.txt,20,colonel,mot absent,
flaubert.txt,2,colonel,marie,0.378
flaubert.txt,2,colonel,delamarre,0.375
flaubert.txt,2,colonel,prénom,0.3536
flaubert.txt,2,colonel,accabler,0.3536
flaubert.txt,2,colonel,auguste,0.3536
flaubert.txt,2,colonel,riaient,0.3536
flaubert.txt,2,colonel,fouvens,0.3536
flaubert.txt,2,colonel,wronski,0.3536
flaubert.txt,2,colonel,familièremer,0.2887
flaubert.txt,2,colonel,assassiner,0.2887
flaubert.txt,5,colonel,alsacien,0.4216
flaubert.txt,5,colonel,soldat,0.3651
flaubert.txt,5,colonel,pût,0.3651
flaubert.txt,5,colonel,félicitation,0.3508
flaubert.txt,5,colonel,moitier,0.3266
flaubert.txt,5,colonel,capitaliste,0.3162
flaubert.txt,5,colonel,accabler,0.2828
flaubert.txt,5,colonel,marie,0.239
flaubert.txt,5,colonel,charabia,0.239
flaubert.txt,5,colonel,bohème,0.2306
flaubert.txt,20,colonel,charabia,0.7313
flaubert.txt,20,colonel,alsacien,0.7313
flaubert.txt,20,colonel,félicitation,0.5882
flaubert.txt,20,colonel,moitier,0.5134
flaubert.txt,20,colonel,accabler,0.3788
flaubert.txt,20,colonel,soldat,0.3501
flaubert.txt,20,colonel,bohème,0.3416
flaubert.txt,20,colonel,nègre,0.2744
flaubert.txt,20,colonel,pût,0.2646
flaubert.txt,20,colonel,capitaliste,0.2378
dostoievski.txt,2,prince,krakhotkine,0.3858
dostoievski.txt,2,prince,impie,0.3536
dostoievski.txt,2,prince,révolté,0.3536
dostoievski.txt,2,prince,prudent,0.3536
dostoievski.txt,2,prince,préférez,0.3536
dostoievski.txt,2,prince,agitent,0.3536
dostoievski.txt,2,prince,colèr,0.3536
dostoievski.txt,2,prince,désintéresser,0.3162
dostoievski.txt,2,prince,polovitzine,0.3162
dostoievski.txt,2,prince,gêner,0.3015
dostoievski.txt,5,prince,éternelle,0.5
dostoievski.txt,5,prince,prétendant,0.5
dostoievski.txt,5,prince,virginal,0.5
dostoievski.txt,5,prince,expirer,0.4082
dostoievski.txt,5,prince,incalculable,0.4
dostoievski.txt,5,prince,pureté,0.4
dostoievski.txt,5,prince,élégant,0.3651
dostoievski.txt,5,prince,révolté,0.3162
dostoievski.txt,5,prince,manqua,0.3162
dostoievski.txt,5,prince,affectueu,0.3
dostoievski.txt,20,prince,pureté,0.9487
dostoievski.txt,20,prince,virginal,0.9487
dostoievski.txt,20,prince,infini,0.9193
dostoievski.txt,20,prince,prétendant,0.9129
dostoievski.txt,20,prince,éternelle,0.8819
dostoievski.txt,20,prince,incalculable,0.866
dostoievski.txt,20,prince,affectueu,0.8216
dostoievski.txt,20,prince,passionner,0.8047
dostoievski.txt,20,prince,beauté,0.7965
dostoievski.txt,20,prince,perfection,0.7841
cleves.txt,2,prince,avoit,0.7438
cleves.txt,2,prince,étoit,0.7159
cleves.txt,2,prince,trouver,0.7033
cleves.txt,2,prince,croire,0.697
cleves.txt,2,prince,voir,0.6936
cleves.txt,2,prince,penser,0.686
cleves.txt,2,prince,fâcher,0.6795
cleves.txt,2,prince,pouvoit,0.6719
cleves.txt,2,prince,savoit,0.6677
cleves.txt,2,prince,portrait,0.6626
cleves.txt,5,prince,avoit,0.8667
cleves.txt,5,prince,étoit,0.8432
cleves.txt,5,prince,trouver,0.8382
cleves.txt,5,prince,voir,0.8193
cleves.txt,5,prince,sorte,0.8058
cleves.txt,5,prince,penser,0.7994
cleves.txt,5,prince,lieu,0.7868
cleves.txt,5,prince,grand,0.7855
cleves.txt,5,prince,pouvoit,0.7811
cleves.txt,5,prince,donner,0.7771
cleves.txt,20,prince,étoit,0.9243
cleves.txt,20,prince,avoit,0.9241
cleves.txt,20,prince,trouver,0.9087
cleves.txt,20,prince,voir,0.9029
cleves.txt,20,prince,faire,0.877
cleves.txt,20,prince,lieu,0.8739
cleves.txt,20,prince,croire,0.8725
cleves.txt,20,prince,sorte,0.8705
cleves.txt,20,prince,donner,0.8697
cleves.txt,20,prince,chose,0.866
proust.txt,2,prince,princesse,0.3441
proust.txt,2,prince,choyer,0.2488
proust.txt,2,prince,invite,0.2488
proust.txt,2,prince,cousin,0.2255
proust.txt,2,prince,pût,0.2234
proust.txt,2,prince,persuadaient,0.2111
proust.txt,2,prince,rentrer,0.2026
proust.txt,2,prince,gentil,0.1998
proust.txt,2,prince,rogation,0.199
proust.txt,2,prince,trémoïlle,0.199
proust.txt,5,prince,princesse,0.3649
proust.txt,5,prince,galles,0.3463
proust.txt,5,prince,charlus,0.3237
proust.txt,5,prince,voir,0.3184
proust.txt,5,prince,devoir,0.3168
proust.txt,5,prince,dîner,0.3132
proust.txt,5,prince,arriver,0.3076
proust.txt,5,prince,trouver,0.3071
proust.txt,5,prince,rentrer,0.3038
proust.txt,5,prince,jockey,0.3031
proust.txt,20,prince,galles,0.4876
proust.txt,20,prince,savoir,0.4584
proust.txt,20,prince,voir,0.4528
proust.txt,20,prince,vouloir,0.4469
proust.txt,20,prince,bon,0.4459
proust.txt,20,prince,nom,0.4448
proust.txt,20,prince,faire,0.4407
proust.txt,20,prince,dire,0.4402
proust.txt,20,prince,fréquenter,0.4395
proust.txt,20,prince,air,0.4395
flaubert.txt,2,prince,tromper,0.6667
flaubert.txt,2,prince,lâché,0.5774
flaubert.txt,2,prince,paya,0.5774
flaubert.txt,2,prince,marmiton,0.5774
flaubert.txt,2,prince,stupéfaire,0.5774
flaubert.txt,2,prince,sieur,0.5547
flaubert.txt,2,prince,présenta,0.4364
flaubert.txt,2,prince,cher,0.4256
flaubert.txt,2,prince,amertume,0.4082
flaubert.txt,2,prince,crasse,0.4082
flaubert.txt,5,prince,marmiton,0.75
flaubert.txt,5,prince,malicieux,0.5774
flaubert.txt,5,prince,lâché,0.5
flaubert.txt,5,prince,paya,0.5
flaubert.txt,5,prince,stupéfaire,0.5
flaubert.txt,5,prince,présenta,0.4743
flaubert.txt,5,prince,sieur,0.4596
flaubert.txt,5,prince,capot,0.4472
flaubert.txt,5,prince,remercier,0.416
flaubert.txt,5,prince,tromper,0.4082
flaubert.txt,20,prince,marmiton,0.75
flaubert.txt,20,prince,malicieux,0.5774
flaubert.txt,20,prince,lâché,0.5
flaubert.txt,20,prince,paya,0.5
flaubert.txt,20,prince,stupéfaire,0.5
flaubert.txt,20,prince,présenta,0.4523
flaubert.txt,20,prince,capot,0.4472
flaubert.txt,20,prince,tromper,0.4082
flaubert.txt,20,prince,remercier,0.4009
flaubert.txt,20,prince,appelez,0.378
